{"cameraMode":{"drawMode":0,"name":"Shaded","section":"Shading Mode"},"sceneLighting":true,"audioPlay":false,"sceneViewState":{"m_AlwaysRefresh":false,"showFog":true,"showSkybox":true,"showFlares":true,"showImageEffects":true,"showParticleSystems":true,"showVisualEffectGraphs":true,"m_FxEnabled":true},"in2DMode":false,"pivot":{"x":11.013395309448243,"y":-12.130864143371582,"z":3.6092190742492677},"rotation":{"x":0.33574771881103518,"y":0.5168504118919373,"z":-0.23044487833976746,"w":0.7530564665794373},"size":11.57875919342041,"orthographic":false}