{"cameraMode":{"drawMode":0,"name":"Shaded","section":"Shading Mode"},"sceneLighting":false,"audioPlay":false,"sceneViewState":{"m_AlwaysRefresh":false,"showFog":true,"showSkybox":false,"showFlares":true,"showImageEffects":true,"showParticleSystems":true,"showVisualEffectGraphs":true,"m_FxEnabled":true},"in2DMode":false,"pivot":{"x":-0.03243163973093033,"y":-0.13511580228805543,"z":0.1312500238418579},"rotation":{"x":0.015340900048613549,"y":0.9678030610084534,"z":-0.24393051862716676,"w":0.061043836176395419},"size":0.24487054347991944,"orthographic":false}