{"cameraMode":{"drawMode":0,"name":"Shaded","section":"Shading Mode"},"sceneLighting":false,"audioPlay":false,"sceneViewState":{"m_AlwaysRefresh":false,"showFog":true,"showSkybox":false,"showFlares":true,"showImageEffects":true,"showParticleSystems":true,"showVisualEffectGraphs":true,"m_FxEnabled":true},"in2DMode":false,"pivot":{"x":-0.08490002155303955,"y":3.056999921798706,"z":-2.4732000827789308},"rotation":{"x":-0.19029198586940766,"y":0.15158657729625703,"z":-0.02976134605705738,"w":-0.9695231318473816},"size":0.10662771761417389,"orthographic":false}