{"cameraMode":{"drawMode":0,"name":"Shaded","section":"Shading Mode"},"sceneLighting":true,"audioPlay":false,"sceneViewState":{"showFog":true,"showMaterialUpdate":true,"showSkybox":false,"showFlares":true,"showImageEffects":true,"showParticleSystems":true},"in2DMode":false,"pivot":{"x":-70.50619506835938,"y":3.272810459136963,"z":-6.352717399597168},"rotation":{"x":0.16807106137275697,"y":0.5785777568817139,"z":-0.12332436442375183,"w":0.7885550856590271},"size":43.7676887512207,"orthographic":true}