{"cameraMode":{"drawMode":0,"name":"Shaded","section":"Shading Mode"},"sceneLighting":true,"audioPlay":false,"sceneViewState":{"showFog":true,"showMaterialUpdate":true,"showSkybox":false,"showFlares":true,"showImageEffects":true,"showParticleSystems":true},"in2DMode":false,"pivot":{"x":0.0,"y":0.30000001192092898,"z":0.30000001192092898},"rotation":{"x":0.2576749622821808,"y":0.22078461945056916,"z":-0.06060522049665451,"w":0.9387183785438538},"size":2.3494224548339845,"orthographic":true}