{"cameraMode":{"drawMode":0,"name":"Shaded","section":"Shading Mode"},"sceneLighting":false,"audioPlay":false,"sceneViewState":{"m_AlwaysRefresh":false,"showFog":true,"showSkybox":false,"showFlares":true,"showImageEffects":true,"showParticleSystems":true,"showVisualEffectGraphs":true,"m_FxEnabled":true},"in2DMode":false,"pivot":{"x":0.003105059266090393,"y":0.9306054711341858,"z":0.10340702533721924},"rotation":{"x":0.40300875902175906,"y":-0.21365877985954286,"z":0.0973425954580307,"w":0.8845697045326233},"size":0.25604087114334109,"orthographic":false}